[
  {
    "model": "dashboards.college",
    "pk": 1,
    "fields": {
      "created_at": "2025-03-06T01:05:44.293Z",
      "updated_at": "2025-05-07T17:54:02.118Z",
      "college_name": "College of Arts and Humanitiess"
    }
  },
  {
    "model": "dashboards.college",
    "pk": 2,
    "fields": {
      "created_at": "2025-03-06T01:05:52.030Z",
      "updated_at": "2025-03-06T01:05:52.030Z",
      "college_name": "College of Business and Accountancy"
    }
  },
  {
    "model": "dashboards.college",
    "pk": 3,
    "fields": {
      "created_at": "2025-03-06T01:06:03.181Z",
      "updated_at": "2025-03-06T01:06:03.181Z",
      "college_name": "College of Criminal"
    }
  },
  {
    "model": "dashboards.college",
    "pk": 4,
    "fields": {
      "created_at": "2025-03-06T01:06:09.964Z",
      "updated_at": "2025-03-06T01:06:09.964Z",
      "college_name": "College of Engineering Architecture and Technology"
    }
  },
  {
    "model": "dashboards.college",
    "pk": 5,
    "fields": {
      "created_at": "2025-03-06T01:06:16.107Z",
      "updated_at": "2025-03-06T01:06:16.107Z",
      "college_name": "College of Hospitality Management and Tourism"
    }
  },
  {
    "model": "dashboards.college",
    "pk": 6,
    "fields": {
      "created_at": "2025-03-06T01:06:20.855Z",
      "updated_at": "2025-03-06T01:06:20.855Z",
      "college_name": "College of Nursing and Health Sciences"
    }
  },
  {
    "model": "dashboards.college",
    "pk": 7,
    "fields": {
      "created_at": "2025-03-06T01:06:26.484Z",
      "updated_at": "2025-03-06T01:06:26.484Z",
      "college_name": "College of Sciences"
    }
  },
  {
    "model": "dashboards.college",
    "pk": 8,
    "fields": {
      "created_at": "2025-03-06T01:06:31.246Z",
      "updated_at": "2025-03-06T01:06:31.246Z",
      "college_name": "College of Teacher Education"
    }
  },
  {
    "model": "dashboards.college",
    "pk": 9,
    "fields": {
      "created_at": "2025-03-06T01:06:37.339Z",
      "updated_at": "2025-03-06T01:06:37.339Z",
      "college_name": "External Campuses"
    }
  },
  {
    "model": "dashboards.program",
    "pk": 1,
    "fields": {
      "created_at": "2025-03-06T01:08:16.400Z",
      "updated_at": "2025-03-06T01:08:16.400Z",
      "prog_name": "Bachelor of Arts in Communication",
      "college": 1
    }
  },
  {
    "model": "dashboards.program",
    "pk": 2,
    "fields": {
      "created_at": "2025-03-06T01:08:24.217Z",
      "updated_at": "2025-03-06T01:08:24.217Z",
      "prog_name": "Bachelor of Arts in Political Science",
      "college": 1
    }
  },
  {
    "model": "dashboards.program",
    "pk": 3,
    "fields": {
      "created_at": "2025-03-06T01:08:38.158Z",
      "updated_at": "2025-03-06T01:08:38.158Z",
      "prog_name": "Bachelor of Arts in Philippine Studies",
      "college": 1
    }
  },
  {
    "model": "dashboards.program",
    "pk": 4,
    "fields": {
      "created_at": "2025-03-06T01:08:45.471Z",
      "updated_at": "2025-03-06T01:08:45.471Z",
      "prog_name": "Bachelor of Science in Social Work",
      "college": 1
    }
  },
  {
    "model": "dashboards.program",
    "pk": 5,
    "fields": {
      "created_at": "2025-03-06T01:08:55.328Z",
      "updated_at": "2025-03-06T01:08:55.328Z",
      "prog_name": "Bachelor of Science in Psychology",
      "college": 1
    }
  },
  {
    "model": "dashboards.program",
    "pk": 6,
    "fields": {
      "created_at": "2025-03-06T01:09:12.289Z",
      "updated_at": "2025-03-06T01:09:12.289Z",
      "prog_name": "Bachelor of Science in Accountancy",
      "college": 2
    }
  },
  {
    "model": "dashboards.program",
    "pk": 7,
    "fields": {
      "created_at": "2025-03-06T01:09:19.137Z",
      "updated_at": "2025-03-06T01:09:19.137Z",
      "prog_name": "Bachelor of Science in Management Accounting",
      "college": 2
    }
  },
  {
    "model": "dashboards.program",
    "pk": 8,
    "fields": {
      "created_at": "2025-03-06T01:09:25.190Z",
      "updated_at": "2025-03-06T01:09:25.190Z",
      "prog_name": "Bachelor of Science in Business Administration",
      "college": 2
    }
  },
  {
    "model": "dashboards.program",
    "pk": 9,
    "fields": {
      "created_at": "2025-03-06T01:09:44.254Z",
      "updated_at": "2025-03-06T01:09:44.254Z",
      "prog_name": "Track 1-Franchising and Trading",
      "college": 3
    }
  },
  {
    "model": "dashboards.program",
    "pk": 10,
    "fields": {
      "created_at": "2025-03-06T01:09:50.505Z",
      "updated_at": "2025-03-06T01:09:50.505Z",
      "prog_name": "Track 2-Agri-business",
      "college": 3
    }
  },
  {
    "model": "dashboards.program",
    "pk": 12,
    "fields": {
      "created_at": "2025-05-22T18:33:28.124Z",
      "updated_at": "2025-05-22T18:33:28.124Z",
      "prog_name": "Bachelor of Science in Nursing, Major in Funeral Services",
      "college": 6
    }
  },
  {
    "model": "dashboards.organization",
    "pk": 1,
    "fields": {
      "created_at": "2025-03-06T01:10:58.775Z",
      "updated_at": "2025-03-06T01:10:58.775Z",
      "name": "SITE",
      "college": 7,
      "description": "mga enthusiastic sa pangangahuy ng pc parts and pag reassemble ng keyboard into Alphabet format"
    }
  },
  {
    "model": "dashboards.organization",
    "pk": 2,
    "fields": {
      "created_at": "2025-03-06T01:11:42.759Z",
      "updated_at": "2025-03-06T01:11:42.759Z",
      "name": "ACS",
      "college": 7,
      "description": "mga enthusiasts sa pag hahack ng facebook accounts at pag gawa na mga malupitang algorithm sa pag kuha ng bank accounts"
    }
  },
  {
    "model": "dashboards.organization",
    "pk": 3,
    "fields": {
      "created_at": "2025-03-06T02:13:35.523Z",
      "updated_at": "2025-05-07T18:38:03.808Z",
      "name": "Skill Moments",
      "college": 9,
      "description": "Place land use impact since."
    }
  },
  {
    "model": "dashboards.organization",
    "pk": 4,
    "fields": {
      "created_at": "2025-03-06T02:13:35.555Z",
      "updated_at": "2025-03-06T02:13:35.555Z",
      "name": "Commercial Travel",
      "college": 2,
      "description": "Get key beyond picture campaign eight."
    }
  },
  {
    "model": "dashboards.organization",
    "pk": 5,
    "fields": {
      "created_at": "2025-03-06T02:13:35.576Z",
      "updated_at": "2025-03-06T02:13:35.576Z",
      "name": "For Participant",
      "college": 5,
      "description": "Early kid what actually call act theory."
    }
  },
  {
    "model": "dashboards.organization",
    "pk": 6,
    "fields": {
      "created_at": "2025-03-06T02:13:35.597Z",
      "updated_at": "2025-03-06T02:13:35.597Z",
      "name": "Democrat From",
      "college": 1,
      "description": "Guess medical line although."
    }
  },
  {
    "model": "dashboards.organization",
    "pk": 7,
    "fields": {
      "created_at": "2025-03-06T02:13:35.618Z",
      "updated_at": "2025-03-06T02:13:35.618Z",
      "name": "Marriage Skin",
      "college": 3,
      "description": "Production message page ahead but discuss assume late."
    }
  },
  {
    "model": "dashboards.organization",
    "pk": 8,
    "fields": {
      "created_at": "2025-03-06T02:13:35.625Z",
      "updated_at": "2025-03-06T02:13:35.625Z",
      "name": "Huge Civil",
      "college": 9,
      "description": "Score sing likely against maintain itself prepare."
    }
  },
  {
    "model": "dashboards.organization",
    "pk": 9,
    "fields": {
      "created_at": "2025-03-06T02:13:35.632Z",
      "updated_at": "2025-03-06T02:13:35.632Z",
      "name": "Remember Main",
      "college": 4,
      "description": "Land message data affect write toward."
    }
  },
  {
    "model": "dashboards.organization",
    "pk": 10,
    "fields": {
      "created_at": "2025-03-06T02:13:35.639Z",
      "updated_at": "2025-03-06T02:13:35.639Z",
      "name": "Career Plan",
      "college": 5,
      "description": "Pick establish democratic recently beyond white himself."
    }
  },
  {
    "model": "dashboards.organization",
    "pk": 11,
    "fields": {
      "created_at": "2025-03-06T02:13:35.646Z",
      "updated_at": "2025-03-06T02:13:35.646Z",
      "name": "Question New",
      "college": 8,
      "description": "Rise shake myself thank avoid."
    }
  },
  {
    "model": "dashboards.organization",
    "pk": 12,
    "fields": {
      "created_at": "2025-03-06T02:13:35.652Z",
      "updated_at": "2025-03-06T02:13:35.652Z",
      "name": "Wind Why",
      "college": 4,
      "description": "Somebody quality citizen hundred reflect improve."
    }
  },
  {
    "model": "dashboards.organization",
    "pk": 14,
    "fields": {
      "created_at": "2025-05-21T14:39:18.841Z",
      "updated_at": "2025-05-21T14:39:18.841Z",
      "name": "Samahan ng mga Real NIgga",
      "college": 3,
      "description": "Walang matigas na tinapay sa mainit na kape ng iyong pagmamahal"
    }
  },
  {
    "model": "dashboards.student",
    "pk": 1,
    "fields": {
      "created_at": "2025-03-06T01:12:37.735Z",
      "updated_at": "2025-05-07T18:35:22.554Z",
      "student_id": "202280363",
      "lastname": "Nalicas",
      "firstname": "Rovin James",
      "middlename": "Hernandez",
      "program": 9
    }
  },
  {
    "model": "dashboards.student",
    "pk": 2,
    "fields": {
      "created_at": "2025-03-06T01:13:14.310Z",
      "updated_at": "2025-03-06T01:13:14.310Z",
      "student_id": "202280290",
      "lastname": "Ponce De Leon",
      "firstname": "Teodore James",
      "middlename": "Macabuhay",
      "program": 10
    }
  },
  {
    "model": "dashboards.student",
    "pk": 3,
    "fields": {
      "created_at": "2025-03-06T02:13:35.710Z",
      "updated_at": "2025-05-07T18:36:08.546Z",
      "student_id": "2024-8-632",
      "lastname": "Ferrell",
      "firstname": "Davids",
      "middlename": "Hansen",
      "program": 3
    }
  },
  {
    "model": "dashboards.student",
    "pk": 4,
    "fields": {
      "created_at": "2025-03-06T02:13:35.719Z",
      "updated_at": "2025-03-06T02:13:35.719Z",
      "student_id": "2024-5-6465",
      "lastname": "Alvarado",
      "firstname": "Elizabeth",
      "middlename": "Vazquez",
      "program": 7
    }
  },
  {
    "model": "dashboards.student",
    "pk": 5,
    "fields": {
      "created_at": "2025-03-06T02:13:35.726Z",
      "updated_at": "2025-03-06T02:13:35.726Z",
      "student_id": "2023-3-3410",
      "lastname": "Wright",
      "firstname": "Michael",
      "middlename": "Lopez",
      "program": 5
    }
  },
  {
    "model": "dashboards.student",
    "pk": 6,
    "fields": {
      "created_at": "2025-03-06T02:13:35.733Z",
      "updated_at": "2025-03-06T02:13:35.733Z",
      "student_id": "2023-7-3458",
      "lastname": "Chavez",
      "firstname": "Alyssa",
      "middlename": "Pham",
      "program": 7
    }
  },
  {
    "model": "dashboards.student",
    "pk": 7,
    "fields": {
      "created_at": "2025-03-06T02:13:35.739Z",
      "updated_at": "2025-03-06T02:13:35.739Z",
      "student_id": "2021-5-2201",
      "lastname": "Flores",
      "firstname": "Lisa",
      "middlename": "Wade",
      "program": 4
    }
  },
  {
    "model": "dashboards.student",
    "pk": 8,
    "fields": {
      "created_at": "2025-03-06T02:13:35.745Z",
      "updated_at": "2025-03-06T02:13:35.745Z",
      "student_id": "2024-4-5617",
      "lastname": "Bolton",
      "firstname": "Marcus",
      "middlename": "Fisher",
      "program": 3
    }
  },
  {
    "model": "dashboards.student",
    "pk": 9,
    "fields": {
      "created_at": "2025-03-06T02:13:35.752Z",
      "updated_at": "2025-03-06T02:13:35.752Z",
      "student_id": "2021-5-4531",
      "lastname": "Thompson",
      "firstname": "William",
      "middlename": "Young",
      "program": 3
    }
  },
  {
    "model": "dashboards.student",
    "pk": 10,
    "fields": {
      "created_at": "2025-03-06T02:13:35.758Z",
      "updated_at": "2025-03-06T02:13:35.758Z",
      "student_id": "2024-3-5655",
      "lastname": "Mcguire",
      "firstname": "Tina",
      "middlename": "Walls",
      "program": 3
    }
  },
  {
    "model": "dashboards.student",
    "pk": 11,
    "fields": {
      "created_at": "2025-03-06T02:13:35.764Z",
      "updated_at": "2025-03-06T02:13:35.764Z",
      "student_id": "2020-5-4395",
      "lastname": "Pittman",
      "firstname": "Thomas",
      "middlename": "Howard",
      "program": 4
    }
  },
  {
    "model": "dashboards.student",
    "pk": 13,
    "fields": {
      "created_at": "2025-03-06T02:13:35.779Z",
      "updated_at": "2025-03-06T02:13:35.779Z",
      "student_id": "2022-1-3018",
      "lastname": "Gomez",
      "firstname": "Melissa",
      "middlename": "Vasquez",
      "program": 3
    }
  },
  {
    "model": "dashboards.student",
    "pk": 14,
    "fields": {
      "created_at": "2025-03-06T02:13:35.787Z",
      "updated_at": "2025-03-06T02:13:35.787Z",
      "student_id": "2020-4-1677",
      "lastname": "Oliver",
      "firstname": "Heather",
      "middlename": "Carter",
      "program": 4
    }
  },
  {
    "model": "dashboards.student",
    "pk": 15,
    "fields": {
      "created_at": "2025-03-06T02:13:35.797Z",
      "updated_at": "2025-03-06T02:13:35.797Z",
      "student_id": "2023-3-8702",
      "lastname": "Harris",
      "firstname": "Jennifer",
      "middlename": "Lambert",
      "program": 4
    }
  },
  {
    "model": "dashboards.student",
    "pk": 16,
    "fields": {
      "created_at": "2025-03-06T02:13:35.805Z",
      "updated_at": "2025-03-06T02:13:35.805Z",
      "student_id": "2024-4-4732",
      "lastname": "Garcia",
      "firstname": "Jeffrey",
      "middlename": "Bullock",
      "program": 10
    }
  },
  {
    "model": "dashboards.student",
    "pk": 17,
    "fields": {
      "created_at": "2025-03-06T02:13:35.813Z",
      "updated_at": "2025-03-06T02:13:35.813Z",
      "student_id": "2021-7-6029",
      "lastname": "Beck",
      "firstname": "Scott",
      "middlename": "Vasquez",
      "program": 5
    }
  },
  {
    "model": "dashboards.student",
    "pk": 18,
    "fields": {
      "created_at": "2025-03-06T02:13:35.821Z",
      "updated_at": "2025-03-06T02:13:35.821Z",
      "student_id": "2024-1-2994",
      "lastname": "Davis",
      "firstname": "Vanessa",
      "middlename": "Burns",
      "program": 10
    }
  },
  {
    "model": "dashboards.student",
    "pk": 19,
    "fields": {
      "created_at": "2025-03-06T02:13:35.828Z",
      "updated_at": "2025-03-06T02:13:35.828Z",
      "student_id": "2024-6-3980",
      "lastname": "George",
      "firstname": "Matthew",
      "middlename": "Wilson",
      "program": 9
    }
  },
  {
    "model": "dashboards.student",
    "pk": 20,
    "fields": {
      "created_at": "2025-03-06T02:13:35.836Z",
      "updated_at": "2025-03-06T02:13:35.836Z",
      "student_id": "2020-1-8599",
      "lastname": "Nguyen",
      "firstname": "Stephen",
      "middlename": "Brock",
      "program": 7
    }
  },
  {
    "model": "dashboards.student",
    "pk": 21,
    "fields": {
      "created_at": "2025-03-06T02:13:35.845Z",
      "updated_at": "2025-03-06T02:13:35.845Z",
      "student_id": "2022-1-1976",
      "lastname": "Cox",
      "firstname": "Tonya",
      "middlename": "Phillips",
      "program": 8
    }
  },
  {
    "model": "dashboards.student",
    "pk": 22,
    "fields": {
      "created_at": "2025-03-06T02:13:35.855Z",
      "updated_at": "2025-03-06T02:13:35.855Z",
      "student_id": "2023-8-1292",
      "lastname": "Bailey",
      "firstname": "Savannah",
      "middlename": "Chandler",
      "program": 2
    }
  },
  {
    "model": "dashboards.student",
    "pk": 23,
    "fields": {
      "created_at": "2025-03-06T02:13:35.864Z",
      "updated_at": "2025-03-06T02:13:35.864Z",
      "student_id": "2023-8-5809",
      "lastname": "Greene",
      "firstname": "Austin",
      "middlename": "Edwards",
      "program": 1
    }
  },
  {
    "model": "dashboards.student",
    "pk": 24,
    "fields": {
      "created_at": "2025-03-06T02:13:35.874Z",
      "updated_at": "2025-03-06T02:13:35.874Z",
      "student_id": "2022-8-7537",
      "lastname": "Long",
      "firstname": "Brooke",
      "middlename": "Miller",
      "program": 8
    }
  },
  {
    "model": "dashboards.student",
    "pk": 25,
    "fields": {
      "created_at": "2025-03-06T02:13:35.882Z",
      "updated_at": "2025-03-06T02:13:35.882Z",
      "student_id": "2024-7-7653",
      "lastname": "Boyle",
      "firstname": "Michele",
      "middlename": "Martinez",
      "program": 8
    }
  },
  {
    "model": "dashboards.student",
    "pk": 26,
    "fields": {
      "created_at": "2025-03-06T02:13:35.892Z",
      "updated_at": "2025-03-06T02:13:35.892Z",
      "student_id": "2024-2-8644",
      "lastname": "Smith",
      "firstname": "Kyle",
      "middlename": "House",
      "program": 3
    }
  },
  {
    "model": "dashboards.student",
    "pk": 27,
    "fields": {
      "created_at": "2025-03-06T02:13:35.902Z",
      "updated_at": "2025-03-06T02:13:35.902Z",
      "student_id": "2024-6-4476",
      "lastname": "Silva",
      "firstname": "Steven",
      "middlename": "Long",
      "program": 8
    }
  },
  {
    "model": "dashboards.student",
    "pk": 28,
    "fields": {
      "created_at": "2025-03-06T02:13:35.911Z",
      "updated_at": "2025-03-06T02:13:35.911Z",
      "student_id": "2024-5-3081",
      "lastname": "Moore",
      "firstname": "Michael",
      "middlename": "Wright",
      "program": 10
    }
  },
  {
    "model": "dashboards.student",
    "pk": 29,
    "fields": {
      "created_at": "2025-03-06T02:13:35.922Z",
      "updated_at": "2025-03-06T02:13:35.923Z",
      "student_id": "2021-1-8074",
      "lastname": "Myers",
      "firstname": "Danielle",
      "middlename": "Summers",
      "program": 4
    }
  },
  {
    "model": "dashboards.student",
    "pk": 30,
    "fields": {
      "created_at": "2025-03-06T02:13:35.931Z",
      "updated_at": "2025-03-06T02:13:35.931Z",
      "student_id": "2024-2-6843",
      "lastname": "Mitchell",
      "firstname": "Marcia",
      "middlename": "Nelson",
      "program": 5
    }
  },
  {
    "model": "dashboards.student",
    "pk": 31,
    "fields": {
      "created_at": "2025-03-06T02:13:35.940Z",
      "updated_at": "2025-03-06T02:13:35.940Z",
      "student_id": "2024-2-3875",
      "lastname": "Pineda",
      "firstname": "Kara",
      "middlename": "Rush",
      "program": 10
    }
  },
  {
    "model": "dashboards.student",
    "pk": 32,
    "fields": {
      "created_at": "2025-03-06T02:13:35.948Z",
      "updated_at": "2025-03-06T02:13:35.948Z",
      "student_id": "2020-7-1871",
      "lastname": "Carson",
      "firstname": "Todd",
      "middlename": "Moody",
      "program": 2
    }
  },
  {
    "model": "dashboards.student",
    "pk": 33,
    "fields": {
      "created_at": "2025-03-06T02:13:35.959Z",
      "updated_at": "2025-03-06T02:13:35.959Z",
      "student_id": "2020-6-8381",
      "lastname": "Cooper",
      "firstname": "Kathleen",
      "middlename": "Hart",
      "program": 9
    }
  },
  {
    "model": "dashboards.student",
    "pk": 34,
    "fields": {
      "created_at": "2025-03-06T02:13:35.968Z",
      "updated_at": "2025-03-06T02:13:35.968Z",
      "student_id": "2020-5-6102",
      "lastname": "Fischer",
      "firstname": "Donald",
      "middlename": "Brady",
      "program": 9
    }
  },
  {
    "model": "dashboards.student",
    "pk": 35,
    "fields": {
      "created_at": "2025-03-06T02:13:35.977Z",
      "updated_at": "2025-03-06T02:13:35.977Z",
      "student_id": "2023-8-3191",
      "lastname": "Taylor",
      "firstname": "Mike",
      "middlename": "Boyle",
      "program": 1
    }
  },
  {
    "model": "dashboards.student",
    "pk": 36,
    "fields": {
      "created_at": "2025-03-06T02:13:35.985Z",
      "updated_at": "2025-03-06T02:13:35.985Z",
      "student_id": "2020-7-7818",
      "lastname": "Todd",
      "firstname": "Aaron",
      "middlename": "Martin",
      "program": 10
    }
  },
  {
    "model": "dashboards.student",
    "pk": 37,
    "fields": {
      "created_at": "2025-03-06T02:13:35.993Z",
      "updated_at": "2025-03-06T02:13:35.993Z",
      "student_id": "2022-1-5788",
      "lastname": "Hall",
      "firstname": "Juan",
      "middlename": "Miller",
      "program": 9
    }
  },
  {
    "model": "dashboards.student",
    "pk": 38,
    "fields": {
      "created_at": "2025-03-06T02:13:36.002Z",
      "updated_at": "2025-03-06T02:13:36.002Z",
      "student_id": "2024-2-5808",
      "lastname": "Parks",
      "firstname": "Jeremy",
      "middlename": "Arias",
      "program": 2
    }
  },
  {
    "model": "dashboards.student",
    "pk": 39,
    "fields": {
      "created_at": "2025-03-06T02:13:36.010Z",
      "updated_at": "2025-03-06T02:13:36.010Z",
      "student_id": "2023-8-3811",
      "lastname": "Davis",
      "firstname": "Paul",
      "middlename": "Holland",
      "program": 1
    }
  },
  {
    "model": "dashboards.student",
    "pk": 40,
    "fields": {
      "created_at": "2025-03-06T02:13:36.019Z",
      "updated_at": "2025-03-06T02:13:36.019Z",
      "student_id": "2020-2-2637",
      "lastname": "Frey",
      "firstname": "Nicholas",
      "middlename": "Price",
      "program": 9
    }
  },
  {
    "model": "dashboards.student",
    "pk": 41,
    "fields": {
      "created_at": "2025-03-06T02:13:36.028Z",
      "updated_at": "2025-03-06T02:13:36.028Z",
      "student_id": "2024-5-3454",
      "lastname": "Soto",
      "firstname": "Jeffery",
      "middlename": "Miller",
      "program": 10
    }
  },
  {
    "model": "dashboards.student",
    "pk": 42,
    "fields": {
      "created_at": "2025-03-06T02:13:36.036Z",
      "updated_at": "2025-03-06T02:13:36.036Z",
      "student_id": "2023-4-4521",
      "lastname": "Hughes",
      "firstname": "Ellen",
      "middlename": "Taylor",
      "program": 2
    }
  },
  {
    "model": "dashboards.student",
    "pk": 43,
    "fields": {
      "created_at": "2025-03-06T02:13:36.044Z",
      "updated_at": "2025-03-06T02:13:36.044Z",
      "student_id": "2022-2-3364",
      "lastname": "Thomas",
      "firstname": "Crystal",
      "middlename": "Espinoza",
      "program": 6
    }
  },
  {
    "model": "dashboards.student",
    "pk": 44,
    "fields": {
      "created_at": "2025-03-06T02:13:36.052Z",
      "updated_at": "2025-03-06T02:13:36.052Z",
      "student_id": "2022-8-8777",
      "lastname": "Gomez",
      "firstname": "Victoria",
      "middlename": "Terry",
      "program": 6
    }
  },
  {
    "model": "dashboards.student",
    "pk": 45,
    "fields": {
      "created_at": "2025-03-06T02:13:36.059Z",
      "updated_at": "2025-03-06T02:13:36.060Z",
      "student_id": "2024-6-9074",
      "lastname": "Harris",
      "firstname": "Kevin",
      "middlename": "Weber",
      "program": 10
    }
  },
  {
    "model": "dashboards.student",
    "pk": 46,
    "fields": {
      "created_at": "2025-03-06T02:13:36.068Z",
      "updated_at": "2025-03-06T02:13:36.068Z",
      "student_id": "2020-5-654",
      "lastname": "Francis",
      "firstname": "Jessica",
      "middlename": "Esparza",
      "program": 4
    }
  },
  {
    "model": "dashboards.student",
    "pk": 47,
    "fields": {
      "created_at": "2025-03-06T02:13:36.076Z",
      "updated_at": "2025-03-06T02:13:36.076Z",
      "student_id": "2024-5-8447",
      "lastname": "Lewis",
      "firstname": "Paul",
      "middlename": "Phillips",
      "program": 6
    }
  },
  {
    "model": "dashboards.student",
    "pk": 49,
    "fields": {
      "created_at": "2025-03-06T02:13:36.092Z",
      "updated_at": "2025-03-06T02:13:36.092Z",
      "student_id": "2024-1-6216",
      "lastname": "Fisher",
      "firstname": "Chelsea",
      "middlename": "Campbell",
      "program": 7
    }
  },
  {
    "model": "dashboards.student",
    "pk": 50,
    "fields": {
      "created_at": "2025-03-06T02:13:36.102Z",
      "updated_at": "2025-03-06T02:13:36.102Z",
      "student_id": "2022-7-8111",
      "lastname": "Anderson",
      "firstname": "Christopher",
      "middlename": "Quinn",
      "program": 2
    }
  },
  {
    "model": "dashboards.student",
    "pk": 51,
    "fields": {
      "created_at": "2025-03-06T02:13:36.111Z",
      "updated_at": "2025-03-06T02:13:36.111Z",
      "student_id": "2022-4-8519",
      "lastname": "Ritter",
      "firstname": "Tina",
      "middlename": "Lee",
      "program": 10
    }
  },
  {
    "model": "dashboards.student",
    "pk": 52,
    "fields": {
      "created_at": "2025-03-06T02:13:36.119Z",
      "updated_at": "2025-03-06T02:13:36.119Z",
      "student_id": "2020-3-7657",
      "lastname": "Schmidt",
      "firstname": "Kimberly",
      "middlename": "Richardson",
      "program": 6
    }
  },
  {
    "model": "dashboards.student",
    "pk": 54,
    "fields": {
      "created_at": "2025-05-21T14:39:53.123Z",
      "updated_at": "2025-05-21T14:39:53.123Z",
      "student_id": "2342342424",
      "lastname": "Freaky",
      "firstname": "Friday",
      "middlename": "F",
      "program": 9
    }
  },
  {
    "model": "dashboards.orgmember",
    "pk": 1,
    "fields": {
      "created_at": "2025-03-06T01:13:41.410Z",
      "updated_at": "2025-05-07T18:16:48.977Z",
      "student": 2,
      "date_joined": "2023-10-03",
      "organization": 2
    }
  },
  {
    "model": "dashboards.orgmember",
    "pk": 2,
    "fields": {
      "created_at": "2025-03-06T01:13:49.295Z",
      "updated_at": "2025-03-06T01:13:49.295Z",
      "student": 2,
      "date_joined": "2025-03-06",
      "organization": 2
    }
  },
  {
    "model": "dashboards.orgmember",
    "pk": 4,
    "fields": {
      "created_at": "2025-04-28T17:59:47.545Z",
      "updated_at": "2025-04-28T17:59:47.545Z",
      "student": 4,
      "date_joined": "2023-02-02",
      "organization": 1
    }
  },
  {
    "model": "dashboards.orgmember",
    "pk": 6,
    "fields": {
      "created_at": "2025-05-21T12:40:57.297Z",
      "updated_at": "2025-05-21T12:40:57.297Z",
      "student": 15,
      "date_joined": "2024-04-20",
      "organization": 10
    }
  }
]